,0
rms_0_mean,0.010407977331944067
rms_0_std,0.007515525458134969
zcr_0_mean,0.02687201010850607
zcr_0_std,0.009580475220115322
centroid_0_mean,1004.9603243893074
centroid_0_std,275.96654910095043
bandwidth_0_mean,1651.522405237363
bandwidth_0_std,528.328622315257
rolloff_0_mean,1398.1342526791104
rolloff_0_std,631.651532594586
flatness_0_mean,0.013813117519021034
flatness_0_std,0.11641327291727066
flux_0_mean,0.009598389267921448
flux_0_std,0.01147119514644146
osc_valley_0_mean,-0.6359127166433483
osc_valley_0_std,1.1535481562738954
osc_valley_1_mean,-0.6140709394004427
osc_valley_1_std,1.2139126752183351
osc_valley_2_mean,-0.7328873409458275
osc_valley_2_std,1.2074592843243168
osc_valley_3_mean,-0.8782917999813524
osc_valley_3_std,1.1807103433399473
osc_valley_4_mean,-1.5651313549781167
osc_valley_4_std,1.1038974826010388
osc_valley_5_mean,-2.355423742974557
osc_valley_5_std,0.9744149230630453
osc_valley_6_mean,-3.014497007995478
osc_valley_6_std,0.8486426120614572
osc_valley_7_mean,-4.329642940128946
osc_valley_7_std,0.6702615025908476
osc_contrast_0_mean,0.40532346666651775
osc_contrast_0_std,0.3261745636877097
osc_contrast_1_mean,0.2232628453172301
osc_contrast_1_std,0.1916487648616223
osc_contrast_2_mean,0.5682300303407806
osc_contrast_2_std,0.27772106234856886
osc_contrast_3_mean,1.058930808473134
osc_contrast_3_std,0.40792956400958535
osc_contrast_4_mean,1.1710090356829794
osc_contrast_4_std,0.3517217853118566
osc_contrast_5_mean,1.2185675738377422
osc_contrast_5_std,0.318882504996992
osc_contrast_6_mean,0.8699437072617415
osc_contrast_6_std,0.27260404579580266
osc_contrast_7_mean,1.7799964481303092
osc_contrast_7_std,0.242637333703288
low_energy_ratio,0.6077010800295163
hlcr,0.6455458659896165
mfcc_0_mean,-531.1594848632812
mfcc_0_std,59.019317626953125
mfcc_1_mean,188.6020965576172
mfcc_1_std,42.312740325927734
mfcc_2_mean,34.38970184326172
mfcc_2_std,25.241138458251953
mfcc_3_mean,-11.594791412353516
mfcc_3_std,15.931645393371582
mfcc_4_mean,-0.9266142845153809
mfcc_4_std,10.414875030517578
mfcc_5_mean,0.7474692463874817
mfcc_5_std,9.875018119812012
mfcc_6_mean,-4.993871688842773
mfcc_6_std,8.337625503540039
mfcc_7_mean,-6.227873802185059
mfcc_7_std,7.567501544952393
mfcc_8_mean,-4.278695583343506
mfcc_8_std,8.027448654174805
mfcc_9_mean,-4.153198719024658
mfcc_9_std,8.011143684387207
mfcc_10_mean,-4.207157611846924
mfcc_10_std,8.527567863464355
mfcc_11_mean,-1.188117504119873
mfcc_11_std,11.12845230102539
mfcc_12_mean,2.412511110305786
mfcc_12_std,15.177704811096191
d_mfcc_0_mean,1.1911620276805479e-05
d_mfcc_0_std,3.4397497177124023
d_mfcc_1_mean,1.683308437350206e-05
d_mfcc_1_std,2.319545269012451
d_mfcc_2_mean,1.680455170571804e-05
d_mfcc_2_std,1.5871217250823975
d_mfcc_3_mean,1.675714520388283e-05
d_mfcc_3_std,1.2704603672027588
d_mfcc_4_mean,1.6690675693098456e-05
d_mfcc_4_std,1.0927330255508423
d_mfcc_5_mean,1.6605268683633767e-05
d_mfcc_5_std,1.0336557626724243
d_mfcc_6_mean,1.650259036978241e-05
d_mfcc_6_std,0.9598613381385803
d_mfcc_7_mean,1.63832119142171e-05
d_mfcc_7_std,0.9286315441131592
d_mfcc_8_mean,1.624413016543258e-05
d_mfcc_8_std,0.9630966782569885
d_mfcc_9_mean,1.6085537936305627e-05
d_mfcc_9_std,0.9489622116088867
d_mfcc_10_mean,1.591254840604961e-05
d_mfcc_10_std,1.015265703201294
d_mfcc_11_mean,1.5723695469205268e-05
d_mfcc_11_std,1.0855255126953125
d_mfcc_12_mean,1.5517631254624575e-05
d_mfcc_12_std,1.2780934572219849
chroma_cqt_0_mean,0.27407899498939514
chroma_cqt_0_std,0.2672179341316223
chroma_cqt_1_mean,0.11750099807977676
chroma_cqt_1_std,0.07644032686948776
chroma_cqt_2_mean,0.2482687383890152
chroma_cqt_2_std,0.2464117407798767
chroma_cqt_3_mean,0.21491055190563202
chroma_cqt_3_std,0.21380451321601868
chroma_cqt_4_mean,0.6059045195579529
chroma_cqt_4_std,0.33815518021583557
chroma_cqt_5_mean,0.1598748117685318
chroma_cqt_5_std,0.17054763436317444
chroma_cqt_6_mean,0.12568299472332
chroma_cqt_6_std,0.09681300073862076
chroma_cqt_7_mean,0.544622540473938
chroma_cqt_7_std,0.2636442482471466
chroma_cqt_8_mean,0.26029083132743835
chroma_cqt_8_std,0.2017732858657837
chroma_cqt_9_mean,0.471560537815094
chroma_cqt_9_std,0.3835790455341339
chroma_cqt_10_mean,0.16030557453632355
chroma_cqt_10_std,0.1865561455488205
chroma_cqt_11_mean,0.27374234795570374
chroma_cqt_11_std,0.256375253200531
chroma_cens_0_mean,0.17529956996440887
chroma_cens_0_std,0.1906137615442276
chroma_cens_1_mean,0.01969718746840954
chroma_cens_1_std,0.04875025153160095
chroma_cens_2_mean,0.15604406595230103
chroma_cens_2_std,0.1836433708667755
chroma_cens_3_mean,0.12473662942647934
chroma_cens_3_std,0.15116608142852783
chroma_cens_4_mean,0.4600217342376709
chroma_cens_4_std,0.2167508900165558
chroma_cens_5_mean,0.06718502938747406
chroma_cens_5_std,0.12938150763511658
chroma_cens_6_mean,0.026242395862936974
chroma_cens_6_std,0.07154493033885956
chroma_cens_7_mean,0.4662509262561798
chroma_cens_7_std,0.13607332110404968
chroma_cens_8_mean,0.1901489943265915
chroma_cens_8_std,0.14985689520835876
chroma_cens_9_mean,0.3116430640220642
chroma_cens_9_std,0.2688162326812744
chroma_cens_10_mean,0.0631682425737381
chroma_cens_10_std,0.12870058417320251
chroma_cens_11_mean,0.17437821626663208
chroma_cens_11_std,0.18209943175315857
tonnetz_0_mean,0.279842129758911
tonnetz_0_std,0.17167526199143512
tonnetz_1_mean,0.05040156358058869
tonnetz_1_std,0.1804382598007635
tonnetz_2_mean,0.08404031591026273
tonnetz_2_std,0.21519627342297437
tonnetz_3_mean,0.18753299389169145
tonnetz_3_std,0.2018995273823349
tonnetz_4_mean,0.06970202853484835
tonnetz_4_std,0.08393586150846273
tonnetz_5_mean,-0.018965595975403288
tonnetz_5_std,0.097588628193551
tempo_bpm,147.65625
onset_env_0_mean,0.6225065588951111
onset_env_0_std,0.6183381080627441
tempogram_0_mean,0.9989937613201851
tempogram_0_std,0.031705301820580366
tempogram_1_mean,0.7804311089611968
tempogram_1_std,0.06321968485979167
tempogram_2_mean,0.567002625113039
tempogram_2_std,0.1104557167331136
tempogram_3_mean,0.5168109661740662
tempogram_3_std,0.11883779336027549
tempogram_4_mean,0.5157089425096366
tempogram_4_std,0.11541120831207997
tempogram_5_mean,0.5210400059167805
tempogram_5_std,0.11437548469115023
tempogram_6_mean,0.5274301817691449
tempogram_6_std,0.11198492878567402
tempogram_7_mean,0.5266369564462919
tempogram_7_std,0.1097155493615596
tempogram_8_mean,0.525370823679599
tempogram_8_std,0.11043748980598299
tempogram_9_mean,0.5294261881992463
tempogram_9_std,0.10709338433827872
tempogram_10_mean,0.5336026329942456
tempogram_10_std,0.10780455320982568
tempogram_11_mean,0.5319376967045402
tempogram_11_std,0.10994221162161735
tempogram_12_mean,0.5294339398904826
tempogram_12_std,0.10949031639315022
tempogram_13_mean,0.5249274573744882
tempogram_13_std,0.11092564244106363
tempogram_14_mean,0.5284530956337767
tempogram_14_std,0.11222453535502619
tempogram_15_mean,0.5576510824275123
tempogram_15_std,0.11409871140129824
tempogram_16_mean,0.6134968462306621
tempogram_16_std,0.1257118903124431
tempogram_17_mean,0.6539627059969454
tempogram_17_std,0.12491513869123332
tempogram_18_mean,0.6457390935849276
tempogram_18_std,0.10237312322250056
tempogram_19_mean,0.6163751534310385
tempogram_19_std,0.10626325670313704
tempogram_20_mean,0.5876339497930475
tempogram_20_std,0.11186711025454159
tempogram_21_mean,0.5627596452992844
tempogram_21_std,0.11263592091490987
tempogram_22_mean,0.5436505531441229
tempogram_22_std,0.11551424103492575
tempogram_23_mean,0.5319445615191856
tempogram_23_std,0.11514273445642965
tempogram_24_mean,0.529421588121255
tempogram_24_std,0.11173167148585733
tempogram_25_mean,0.52920622272444
tempogram_25_std,0.11074000079787723
tempogram_26_mean,0.5240086845469601
tempogram_26_std,0.11007563453343919
tempogram_27_mean,0.5162517724612168
tempogram_27_std,0.1089020178279911
tempogram_28_mean,0.5109982843792829
tempogram_28_std,0.10824291595589736
tempogram_29_mean,0.50929687335977
tempogram_29_std,0.10869325209042363
tempogram_30_mean,0.5110711988289857
tempogram_30_std,0.11114529950293164
tempogram_31_mean,0.5176103973605608
tempogram_31_std,0.1136194398869014
tempogram_32_mean,0.5350590534037436
tempogram_32_std,0.11106588974885492
tempogram_33_mean,0.5622242479835758
tempogram_33_std,0.11993365419303127
tempogram_34_mean,0.5792163057091165
tempogram_34_std,0.11381315969573244
tempogram_35_mean,0.5788420369074534
tempogram_35_std,0.10987640687289761
tempogram_36_mean,0.5637216743561853
tempogram_36_std,0.10427183784076677
tempogram_37_mean,0.5485304686305932
tempogram_37_std,0.10769973918332186
tempogram_38_mean,0.5336623486606435
tempogram_38_std,0.10918818188666848
tempogram_39_mean,0.5223718015079534
tempogram_39_std,0.10954196409398358
tempogram_40_mean,0.5190293936078963
tempogram_40_std,0.10996638511202467
tempogram_41_mean,0.5145412286857255
tempogram_41_std,0.11206501306793004
tempogram_42_mean,0.5026177281046045
tempogram_42_std,0.11241110209822144
tempogram_43_mean,0.4937875407401028
tempogram_43_std,0.11072582780519602
tempogram_44_mean,0.4910981573635458
tempogram_44_std,0.10937508585400628
tempogram_45_mean,0.49030170384937116
tempogram_45_std,0.11005381649131091
tempogram_46_mean,0.4896647990553644
tempogram_46_std,0.11050614611864212
tempogram_47_mean,0.48583469476965097
tempogram_47_std,0.10960903467435919
tempogram_48_mean,0.48987107095321536
tempogram_48_std,0.10927367402398999
tempogram_49_mean,0.5033468691990995
tempogram_49_std,0.11143424822877027
tempogram_50_mean,0.513477347098544
tempogram_50_std,0.10995490136183853
tempogram_51_mean,0.518127733389493
tempogram_51_std,0.10354381134157496
tempogram_52_mean,0.5194091296092779
tempogram_52_std,0.1053778488755598
tempogram_53_mean,0.5123406937428251
tempogram_53_std,0.10348432635371868
tempogram_54_mean,0.5005489368676946
tempogram_54_std,0.1055560211383146
tempogram_55_mean,0.49089662788658506
tempogram_55_std,0.10577912078549469
tempogram_56_mean,0.48375401485492103
tempogram_56_std,0.10449630289219586
tempogram_57_mean,0.4799346945220864
tempogram_57_std,0.1042858046698442
tempogram_58_mean,0.47446396329059976
tempogram_58_std,0.10281153409154146
tempogram_59_mean,0.46934137572164913
tempogram_59_std,0.10177122548969192
tempogram_60_mean,0.46188024630782054
tempogram_60_std,0.09973959959229946
tempogram_61_mean,0.4556473241204096
tempogram_61_std,0.10003749010266441
tempogram_62_mean,0.4494290390892249
tempogram_62_std,0.10230337661509627
tempogram_63_mean,0.4443238429684948
tempogram_63_std,0.10361958479190211
tempogram_64_mean,0.44351473303548894
tempogram_64_std,0.10296885291867668
tempogram_65_mean,0.4482612374643862
tempogram_65_std,0.100699810701114
tempogram_66_mean,0.4590296010328152
tempogram_66_std,0.10345979493950942
tempogram_67_mean,0.4624396630461575
tempogram_67_std,0.10325914121344476
tempogram_68_mean,0.46128175031407903
tempogram_68_std,0.09904937235091381
tempogram_69_mean,0.460501886229926
tempogram_69_std,0.09846472432379556
tempogram_70_mean,0.4553775909392657
tempogram_70_std,0.10013318551346612
tempogram_71_mean,0.4497210264882301
tempogram_71_std,0.09987513671825675
tempogram_72_mean,0.4467077404145512
tempogram_72_std,0.09742811132224298
tempogram_73_mean,0.4404920649194845
tempogram_73_std,0.09691380410374163
tempogram_74_mean,0.43108716457951035
tempogram_74_std,0.09863085064098695
tempogram_75_mean,0.42688343628242176
tempogram_75_std,0.0981053376476124
tempogram_76_mean,0.42722620454967014
tempogram_76_std,0.09800447090993178
tempogram_77_mean,0.42146741385681485
tempogram_77_std,0.09619416025297785
tempogram_78_mean,0.4124182391844582
tempogram_78_std,0.09247339688854021
tempogram_79_mean,0.40889318653915113
tempogram_79_std,0.09378660787593343
tempogram_80_mean,0.40440418333159295
tempogram_80_std,0.09595820549153646
tempogram_81_mean,0.40138640193653674
tempogram_81_std,0.0980817199161734
tempogram_82_mean,0.40363940620191796
tempogram_82_std,0.09676332154281671
tempogram_83_mean,0.40998310068880606
tempogram_83_std,0.09593539759343249
tempogram_84_mean,0.40837869313428965
tempogram_84_std,0.09333856356155237
tempogram_85_mean,0.4045327346423487
tempogram_85_std,0.09360016131379444
tempogram_86_mean,0.40299348958071923
tempogram_86_std,0.09599830663026966
tempogram_87_mean,0.39997008401874745
tempogram_87_std,0.09816651601825341
tempogram_88_mean,0.39573646803923473
tempogram_88_std,0.09780826719812849
tempogram_89_mean,0.39077627872423004
tempogram_89_std,0.09151563162534548
tempogram_90_mean,0.3870585208055455
tempogram_90_std,0.08919441638651784
tempogram_91_mean,0.382644586504566
tempogram_91_std,0.08967075933695678
tempogram_92_mean,0.3757541739568909
tempogram_92_std,0.09088141835968824
tempogram_93_mean,0.3688424381843066
tempogram_93_std,0.09087889206739261
tempogram_94_mean,0.3610487626189162
tempogram_94_std,0.08765013078909069
tempogram_95_mean,0.35746224250585246
tempogram_95_std,0.08483308998134703
tempogram_96_mean,0.3557778868779042
tempogram_96_std,0.08572771458673419
tempogram_97_mean,0.35305562789504746
tempogram_97_std,0.08725147922368032
tempogram_98_mean,0.34981338132234957
tempogram_98_std,0.08624101976934681
tempogram_99_mean,0.35071482459716463
tempogram_99_std,0.08459681914063825
tempogram_100_mean,0.3539409372680833
tempogram_100_std,0.08673921021845495
tempogram_101_mean,0.3511851694065544
tempogram_101_std,0.08892966014375718
tempogram_102_mean,0.3480691269737596
tempogram_102_std,0.08966072212434693
tempogram_103_mean,0.34716261034106954
tempogram_103_std,0.08726465103756596
tempogram_104_mean,0.3417015061639423
tempogram_104_std,0.08494359465235249
tempogram_105_mean,0.33749780612375324
tempogram_105_std,0.08495784816841064
tempogram_106_mean,0.3371996331454138
tempogram_106_std,0.08528969262547267
tempogram_107_mean,0.33492247950701687
tempogram_107_std,0.0863190850590442
tempogram_108_mean,0.3272340752862474
tempogram_108_std,0.08390713384489147
tempogram_109_mean,0.32031470831865305
tempogram_109_std,0.08373496788056599
tempogram_110_mean,0.31470922157254655
tempogram_110_std,0.08326283902199763
tempogram_111_mean,0.30953882735355925
tempogram_111_std,0.08101721089317312
tempogram_112_mean,0.3065123575245694
tempogram_112_std,0.07880028997243196
tempogram_113_mean,0.30263592641975595
tempogram_113_std,0.07776645419119958
tempogram_114_mean,0.2992592568010199
tempogram_114_std,0.07676700409361242
tempogram_115_mean,0.2984986664249049
tempogram_115_std,0.07546482152530631
tempogram_116_mean,0.2992208120019763
tempogram_116_std,0.07477142326720791
tempogram_117_mean,0.29807742307779256
tempogram_117_std,0.07691226500195826
tempogram_118_mean,0.29684783296842343
tempogram_118_std,0.07825358829356213
tempogram_119_mean,0.2940711598063534
tempogram_119_std,0.0790585944873892
tempogram_120_mean,0.2895306266469108
tempogram_120_std,0.0790145877358795
tempogram_121_mean,0.28470000863764044
tempogram_121_std,0.07677229705764485
tempogram_122_mean,0.28200422160565236
tempogram_122_std,0.07529373187580242
tempogram_123_mean,0.27987599795669116
tempogram_123_std,0.07497593133151356
tempogram_124_mean,0.27350976779775127
tempogram_124_std,0.07350554743091868
tempogram_125_mean,0.26805283521089746
tempogram_125_std,0.07195311231413072
tempogram_126_mean,0.2648208599603121
tempogram_126_std,0.07152389523055734
tempogram_127_mean,0.26016729466859595
tempogram_127_std,0.07187488633953111
tempogram_128_mean,0.2565281092706266
tempogram_128_std,0.07189293474918941
tempogram_129_mean,0.252446690438719
tempogram_129_std,0.07011527780882933
tempogram_130_mean,0.2477803301328641
tempogram_130_std,0.06906422347218305
tempogram_131_mean,0.24636863031732573
tempogram_131_std,0.06843357255191636
tempogram_132_mean,0.24556488493546016
tempogram_132_std,0.06831739698850486
tempogram_133_mean,0.24490955352241936
tempogram_133_std,0.0681586921343713
tempogram_134_mean,0.2457612833446108
tempogram_134_std,0.06740469185894925
tempogram_135_mean,0.24411448412886363
tempogram_135_std,0.06871081091056543
tempogram_136_mean,0.239806124081816
tempogram_136_std,0.06874292062876618
tempogram_137_mean,0.23536370453269884
tempogram_137_std,0.06686630991941929
tempogram_138_mean,0.23114877455642852
tempogram_138_std,0.06495068769892151
tempogram_139_mean,0.22805159759087637
tempogram_139_std,0.06416105932683211
tempogram_140_mean,0.2236274799927212
tempogram_140_std,0.06295951604397941
tempogram_141_mean,0.21912228540281165
tempogram_141_std,0.06127940883041244
tempogram_142_mean,0.2152127053087266
tempogram_142_std,0.061476249424617935
tempogram_143_mean,0.21264463013700846
tempogram_143_std,0.06248715722085299
tempogram_144_mean,0.20976358985716234
tempogram_144_std,0.06170045902418861
tempogram_145_mean,0.20576243385497636
tempogram_145_std,0.060062235814661864
tempogram_146_mean,0.20265599958197664
tempogram_146_std,0.05858431159689748
tempogram_147_mean,0.1989386610884772
tempogram_147_std,0.057628894238263305
tempogram_148_mean,0.1954973260932098
tempogram_148_std,0.05743812519719236
tempogram_149_mean,0.19413009261004663
tempogram_149_std,0.056969680711747434
tempogram_150_mean,0.19434367057664811
tempogram_150_std,0.058331916963881396
tempogram_151_mean,0.19400867154324786
tempogram_151_std,0.05801717569853064
tempogram_152_mean,0.19028317446766702
tempogram_152_std,0.05624622376146831
tempogram_153_mean,0.1849506077855208
tempogram_153_std,0.054591395103172985
tempogram_154_mean,0.1819904950828233
tempogram_154_std,0.054788652825860436
tempogram_155_mean,0.18013383491287127
tempogram_155_std,0.05499377802901512
tempogram_156_mean,0.17685204834418522
tempogram_156_std,0.05415156734751335
tempogram_157_mean,0.1747531849031749
tempogram_157_std,0.05339074317103215
tempogram_158_mean,0.17222012227938585
tempogram_158_std,0.05170712616111766
tempogram_159_mean,0.1692559996038975
tempogram_159_std,0.05029297528349961
tempogram_160_mean,0.16667947081324735
tempogram_160_std,0.0509681611076538
tempogram_161_mean,0.16314928404163556
tempogram_161_std,0.05009930638050967
tempogram_162_mean,0.1595532726428719
tempogram_162_std,0.04930350381276744
tempogram_163_mean,0.15588782540668977
tempogram_163_std,0.048442639095909984
tempogram_164_mean,0.15273614078344547
tempogram_164_std,0.0472782554301763
tempogram_165_mean,0.15112433833127298
tempogram_165_std,0.047106887600473456
tempogram_166_mean,0.14990330303146218
tempogram_166_std,0.04726705808618303
tempogram_167_mean,0.14683753704071262
tempogram_167_std,0.046318670250818914
tempogram_168_mean,0.14498196215393894
tempogram_168_std,0.04564982284835716
tempogram_169_mean,0.14505588032516525
tempogram_169_std,0.0453745237314014
tempogram_170_mean,0.14224631687852654
tempogram_170_std,0.04448989865069601
tempogram_171_mean,0.1389605520971631
tempogram_171_std,0.04527124647978018
tempogram_172_mean,0.13623362539893374
tempogram_172_std,0.04506224779572114
tempogram_173_mean,0.13287540576843246
tempogram_173_std,0.04329579784023673
tempogram_174_mean,0.130229056853573
tempogram_174_std,0.04130326354400942
tempogram_175_mean,0.12864602671414865
tempogram_175_std,0.040766057699643206
tempogram_176_mean,0.12673709460630722
tempogram_176_std,0.04102062580182323
tempogram_177_mean,0.12343878024068623
tempogram_177_std,0.04052473574506171
tempogram_178_mean,0.12057761344159826
tempogram_178_std,0.03947105110354095
tempogram_179_mean,0.11791584085792983
tempogram_179_std,0.038372639245479984
tempogram_180_mean,0.1155933484270273
tempogram_180_std,0.03793825716715816
tempogram_181_mean,0.11345711871585236
tempogram_181_std,0.03765559834455393
tempogram_182_mean,0.11196425484722944
tempogram_182_std,0.03702023882884165
tempogram_183_mean,0.11103678827087304
tempogram_183_std,0.036604067329486865
tempogram_184_mean,0.10972182456711055
tempogram_184_std,0.035967740173465414
tempogram_185_mean,0.1086066135164842
tempogram_185_std,0.03575659685511921
tempogram_186_mean,0.10724379693882767
tempogram_186_std,0.03629309417116993
tempogram_187_mean,0.10413455683212614
tempogram_187_std,0.03544939051376196
tempogram_188_mean,0.10110229178966695
tempogram_188_std,0.03488560445167986
tempogram_189_mean,0.09900206592612147
tempogram_189_std,0.03468190922697486
tempogram_190_mean,0.09682407601953562
tempogram_190_std,0.03345293468700167
tempogram_191_mean,0.09510512100643839
tempogram_191_std,0.03246331458246598
tempogram_192_mean,0.09344988112418119
tempogram_192_std,0.032434727069759806
tempogram_193_mean,0.09093094055715271
tempogram_193_std,0.03220383560363122
tempogram_194_mean,0.08787719385045192
tempogram_194_std,0.031000783867763428
tempogram_195_mean,0.08534812618627138
tempogram_195_std,0.029554078744739937
tempogram_196_mean,0.08370042736061895
tempogram_196_std,0.028578511235114897
tempogram_197_mean,0.08247506103727628
tempogram_197_std,0.02851268390052011
tempogram_198_mean,0.08128316435522646
tempogram_198_std,0.028409497906830502
tempogram_199_mean,0.07988408093073616
tempogram_199_std,0.027517696193785912
tempogram_200_mean,0.07838338931408484
tempogram_200_std,0.026704153511658422
tempogram_201_mean,0.07695723856161701
tempogram_201_std,0.0269728191049622
tempogram_202_mean,0.07532520469189809
tempogram_202_std,0.027015612622050024
tempogram_203_mean,0.07369141306398061
tempogram_203_std,0.027045325610252934
tempogram_204_mean,0.07235116917294541
tempogram_204_std,0.026517844655492246
tempogram_205_mean,0.07071990390305838
tempogram_205_std,0.02601766299770758
tempogram_206_mean,0.06867537946173073
tempogram_206_std,0.025426682991898365
tempogram_207_mean,0.06654693255560751
tempogram_207_std,0.024188828974662426
tempogram_208_mean,0.0649940901255683
tempogram_208_std,0.023774323330142
tempogram_209_mean,0.06430015696505689
tempogram_209_std,0.024553033912084618
tempogram_210_mean,0.06347686939407989
tempogram_210_std,0.02451201596869663
tempogram_211_mean,0.06158797879956107
tempogram_211_std,0.02320586627293316
tempogram_212_mean,0.059192194064131134
tempogram_212_std,0.021628973806491023
tempogram_213_mean,0.05708223735124512
tempogram_213_std,0.020994961939533114
tempogram_214_mean,0.05516316365092497
tempogram_214_std,0.020396523586412318
tempogram_215_mean,0.053840734107236096
tempogram_215_std,0.02013733567156591
tempogram_216_mean,0.05314172613370213
tempogram_216_std,0.020138155342677613
tempogram_217_mean,0.052518305203738104
tempogram_217_std,0.019605878944087107
tempogram_218_mean,0.05191284058604953
tempogram_218_std,0.01923237471498996
tempogram_219_mean,0.05079923294267107
tempogram_219_std,0.019053771098116214
tempogram_220_mean,0.04895991488464414
tempogram_220_std,0.018645925667722604
tempogram_221_mean,0.04782085864448362
tempogram_221_std,0.018737349206727247
tempogram_222_mean,0.04684516335757986
tempogram_222_std,0.018675926864881134
tempogram_223_mean,0.045281915702923156
tempogram_223_std,0.018240744687565518
tempogram_224_mean,0.043758773258347664
tempogram_224_std,0.017518488013496022
tempogram_225_mean,0.042581895505315125
tempogram_225_std,0.01691372458536856
tempogram_226_mean,0.04121925716481167
tempogram_226_std,0.01610610617284264
tempogram_227_mean,0.039881532998629524
tempogram_227_std,0.015644010825951845
tempogram_228_mean,0.0388990509414276
tempogram_228_std,0.015583744849198937
tempogram_229_mean,0.03802667837266878
tempogram_229_std,0.015195104805074723
tempogram_230_mean,0.03693011175227679
tempogram_230_std,0.014491799221171567
tempogram_231_mean,0.03582788601658855
tempogram_231_std,0.013980947945363769
tempogram_232_mean,0.03475732955093662
tempogram_232_std,0.013597509095346468
tempogram_233_mean,0.03389163241199004
tempogram_233_std,0.01338345406806373
tempogram_234_mean,0.033400407574881115
tempogram_234_std,0.013601199567211968
tempogram_235_mean,0.03252240891974111
tempogram_235_std,0.013742838982320047
tempogram_236_mean,0.031315912921118225
tempogram_236_std,0.012942089725083284
tempogram_237_mean,0.030496462055552828
tempogram_237_std,0.01253005964250098
tempogram_238_mean,0.0298209971728755
tempogram_238_std,0.01247946501304871
tempogram_239_mean,0.02901042345305046
tempogram_239_std,0.012462335282566338
tempogram_240_mean,0.027906856526169126
tempogram_240_std,0.011685357705210316
tempogram_241_mean,0.026891695126227206
tempogram_241_std,0.011056203158588974
tempogram_242_mean,0.0260254829765099
tempogram_242_std,0.010868051294482386
tempogram_243_mean,0.025247318163005402
tempogram_243_std,0.010729138253399901
tempogram_244_mean,0.024320891300733206
tempogram_244_std,0.010438876423477975
tempogram_245_mean,0.02332236382853301
tempogram_245_std,0.009837773403797647
tempogram_246_mean,0.022620219862056343
tempogram_246_std,0.009584455410879024
tempogram_247_mean,0.021994884338979687
tempogram_247_std,0.009307436578977745
tempogram_248_mean,0.021379242057473376
tempogram_248_std,0.00914172912489124
tempogram_249_mean,0.020649168985972216
tempogram_249_std,0.008777491042508655
tempogram_250_mean,0.0199779558628333
tempogram_250_std,0.008463874466674794
tempogram_251_mean,0.01953077158431663
tempogram_251_std,0.008332150140174415
tempogram_252_mean,0.01909747868261568
tempogram_252_std,0.00840433382244588
tempogram_253_mean,0.018576181733523007
tempogram_253_std,0.008194607150739329
tempogram_254_mean,0.01796507028863586
tempogram_254_std,0.007751580808434883
tempogram_255_mean,0.01727006438659133
tempogram_255_std,0.007526734394551037
tempogram_256_mean,0.016522402256049076
tempogram_256_std,0.007400302437075964
tempogram_257_mean,0.01575297139725013
tempogram_257_std,0.006908191938854085
tempogram_258_mean,0.01504066420653157
tempogram_258_std,0.006528705835677817
tempogram_259_mean,0.014490783124631307
tempogram_259_std,0.006269695315892904
tempogram_260_mean,0.014029282418376619
tempogram_260_std,0.006113004953947002
tempogram_261_mean,0.013537832986996264
tempogram_261_std,0.006017077359443785
tempogram_262_mean,0.013127293142125797
tempogram_262_std,0.0059372785664318925
tempogram_263_mean,0.01265743883769788
tempogram_263_std,0.005809575631888103
tempogram_264_mean,0.012162827649282521
tempogram_264_std,0.0056250335220010585
tempogram_265_mean,0.011683923835237048
tempogram_265_std,0.005332388710173378
tempogram_266_mean,0.01125038111030853
tempogram_266_std,0.005131517087427479
tempogram_267_mean,0.010826494536375601
tempogram_267_std,0.004866702765651884
tempogram_268_mean,0.01046011436970656
tempogram_268_std,0.0047851103799614395
tempogram_269_mean,0.010099360758037428
tempogram_269_std,0.0048014261312717575
tempogram_270_mean,0.0097459946140114
tempogram_270_std,0.0045935449620988925
tempogram_271_mean,0.009348398534485644
tempogram_271_std,0.004275747775651944
tempogram_272_mean,0.008918873460710313
tempogram_272_std,0.004106792260297144
tempogram_273_mean,0.008591273995535678
tempogram_273_std,0.004001309900067529
tempogram_274_mean,0.008307883063518333
tempogram_274_std,0.003869205389630802
tempogram_275_mean,0.007949926869028862
tempogram_275_std,0.003726735568313412
tempogram_276_mean,0.007489452500742525
tempogram_276_std,0.0034596554828853036
tempogram_277_mean,0.007120249480104736
tempogram_277_std,0.0033100025050649324
tempogram_278_mean,0.006799483319108783
tempogram_278_std,0.0031841286437287375
tempogram_279_mean,0.006501603311089842
tempogram_279_std,0.003034291765133897
tempogram_280_mean,0.006256757254944236
tempogram_280_std,0.0029736390752967716
tempogram_281_mean,0.0060025282395669115
tempogram_281_std,0.002860823062989613
tempogram_282_mean,0.005696534931944372
tempogram_282_std,0.002732600945322299
tempogram_283_mean,0.005428915200138875
tempogram_283_std,0.0026537414133530196
tempogram_284_mean,0.005200976381243872
tempogram_284_std,0.002561376852893394
tempogram_285_mean,0.004996478584443015
tempogram_285_std,0.002474070219694219
tempogram_286_mean,0.004855225070300079
tempogram_286_std,0.0024612774624747
tempogram_287_mean,0.004636663000575777
tempogram_287_std,0.0022974539374457457
tempogram_288_mean,0.0043368086966119115
tempogram_288_std,0.0020717026075510164
tempogram_289_mean,0.004072365473397446
tempogram_289_std,0.0019363497297874112
tempogram_290_mean,0.003861751286387207
tempogram_290_std,0.001863026185530858
tempogram_291_mean,0.0036890305138768753
tempogram_291_std,0.0018002450920267853
tempogram_292_mean,0.003542635609332976
tempogram_292_std,0.0017499105297887308
tempogram_293_mean,0.003396769727685861
tempogram_293_std,0.0016963092817026144
tempogram_294_mean,0.0032066217816232537
tempogram_294_std,0.0015903144979916802
tempogram_295_mean,0.0030006635513277896
tempogram_295_std,0.0014895262125874278
tempogram_296_mean,0.002823572444440008
tempogram_296_std,0.001392039493348407
tempogram_297_mean,0.0027005910232475836
tempogram_297_std,0.0013501861709588141
tempogram_298_mean,0.002569473091779705
tempogram_298_std,0.0012981523831382409
tempogram_299_mean,0.0024124187654031622
tempogram_299_std,0.001215185664269728
tempogram_300_mean,0.002265438518254612
tempogram_300_std,0.0011443771028543485
tempogram_301_mean,0.0021539727559501884
tempogram_301_std,0.0011153570936982683
tempogram_302_mean,0.0020444204588274803
tempogram_302_std,0.0010710890828114963
tempogram_303_mean,0.0019344041992036683
tempogram_303_std,0.0010079551697558798
tempogram_304_mean,0.0018325939971529852
tempogram_304_std,0.0009318292710386737
tempogram_305_mean,0.001715104155940818
tempogram_305_std,0.0008569202742181481
tempogram_306_mean,0.001600787662474709
tempogram_306_std,0.0008141184227066543
tempogram_307_mean,0.0014949433019111474
tempogram_307_std,0.0007744135405463664
tempogram_308_mean,0.0013987227798819006
tempogram_308_std,0.0007410591783819058
tempogram_309_mean,0.001310209596802349
tempogram_309_std,0.0006838399043276925
tempogram_310_mean,0.001231792852054728
tempogram_310_std,0.0006302724424522906
tempogram_311_mean,0.0011691966175108822
tempogram_311_std,0.0006166386098750652
tempogram_312_mean,0.0010983608378515334
tempogram_312_std,0.0005957690335113809
tempogram_313_mean,0.001021338500570483
tempogram_313_std,0.0005523327080378534
tempogram_314_mean,0.0009527242854651326
tempogram_314_std,0.0005078291987340946
tempogram_315_mean,0.0008906331949805387
tempogram_315_std,0.00046783314943414157
tempogram_316_mean,0.0008332459416804628
tempogram_316_std,0.0004402278318743295
tempogram_317_mean,0.0007784914468936757
tempogram_317_std,0.0004230467455450004
tempogram_318_mean,0.0007180220147799232
tempogram_318_std,0.00039348948561257187
tempogram_319_mean,0.0006599341959188323
tempogram_319_std,0.0003573573308149531
tempogram_320_mean,0.0006165991576385884
tempogram_320_std,0.0003335716089201215
tempogram_321_mean,0.0005780325658403995
tempogram_321_std,0.00031470089806739894
tempogram_322_mean,0.0005321122519815386
tempogram_322_std,0.00028421598641994804
tempogram_323_mean,0.00048689510878291664
tempogram_323_std,0.00026404224812908377
tempogram_324_mean,0.0004486098961547506
tempogram_324_std,0.00025769983142516864
tempogram_325_mean,0.0004130353612741195
tempogram_325_std,0.00025060704474392565
tempogram_326_mean,0.00037800345718315827
tempogram_326_std,0.00022322302925586676
tempogram_327_mean,0.00034707153229603826
tempogram_327_std,0.00019871262070368602
tempogram_328_mean,0.0003176108802085835
tempogram_328_std,0.00017970433232229377
tempogram_329_mean,0.00028865142940464835
tempogram_329_std,0.00016372786967337326
tempogram_330_mean,0.00026650283092774914
tempogram_330_std,0.00015817531536541128
tempogram_331_mean,0.0002468761130485199
tempogram_331_std,0.00014864494725739047
tempogram_332_mean,0.00022600273430532474
tempogram_332_std,0.00012993602107948187
tempogram_333_mean,0.00020418903901605007
tempogram_333_std,0.00011234091127795906
tempogram_334_mean,0.0001843378621100762
tempogram_334_std,0.00010271950723649765
tempogram_335_mean,0.00016580449125311997
tempogram_335_std,9.347590164253512e-05
tempogram_336_mean,0.00014956915765181817
tempogram_336_std,8.455587729195241e-05
tempogram_337_mean,0.00013651924262905445
tempogram_337_std,8.112769398765986e-05
tempogram_338_mean,0.00012280504267846452
tempogram_338_std,7.437241746903264e-05
tempogram_339_mean,0.00010890432021831353
tempogram_339_std,6.36575001664887e-05
tempogram_340_mean,9.770279216176078e-05
tempogram_340_std,5.7914496800688256e-05
tempogram_341_mean,8.795141962841004e-05
tempogram_341_std,5.5750580916342306e-05
tempogram_342_mean,7.820970963107894e-05
tempogram_342_std,5.102711311662103e-05
tempogram_343_mean,6.922414016593229e-05
tempogram_343_std,4.3088218639718274e-05
tempogram_344_mean,6.099953670428956e-05
tempogram_344_std,3.599558806920572e-05
tempogram_345_mean,5.37572274307113e-05
tempogram_345_std,3.312144914212252e-05
tempogram_346_mean,4.703187496432176e-05
tempogram_346_std,2.8667574010238706e-05
tempogram_347_mean,4.123461489943413e-05
tempogram_347_std,2.5350760003020267e-05
tempogram_348_mean,3.6229890279194185e-05
tempogram_348_std,2.27919832596801e-05
tempogram_349_mean,3.165881871780631e-05
tempogram_349_std,2.0181216739222336e-05
tempogram_350_mean,2.7604089908424688e-05
tempogram_350_std,1.7639619450371428e-05
tempogram_351_mean,2.3818152947916483e-05
tempogram_351_std,1.4876237679770325e-05
tempogram_352_mean,2.0266008110868716e-05
tempogram_352_std,1.2602519889673166e-05
tempogram_353_mean,1.71942091178124e-05
tempogram_353_std,1.0701139328012562e-05
tempogram_354_mean,1.4593515350785901e-05
tempogram_354_std,9.371374681494854e-06
tempogram_355_mean,1.2337075041878855e-05
tempogram_355_std,7.988160875310785e-06
tempogram_356_mean,1.0458077844681319e-05
tempogram_356_std,6.7567206600994154e-06
tempogram_357_mean,8.818688077015398e-06
tempogram_357_std,5.882230558001851e-06
tempogram_358_mean,7.383298144881906e-06
tempogram_358_std,5.2735509584533955e-06
tempogram_359_mean,6.077293157975639e-06
tempogram_359_std,4.6327986586642635e-06
tempogram_360_mean,4.917260060420306e-06
tempogram_360_std,3.6537850386916043e-06
tempogram_361_mean,3.960731876376123e-06
tempogram_361_std,2.9640992218243424e-06
tempogram_362_mean,3.1817712611421563e-06
tempogram_362_std,2.4146837317747115e-06
tempogram_363_mean,2.4911812475572514e-06
tempogram_363_std,1.8317473714642827e-06
tempogram_364_mean,1.9371944801198375e-06
tempogram_364_std,1.4179717862208706e-06
tempogram_365_mean,1.5050353737447652e-06
tempogram_365_std,1.1317298599027994e-06
tempogram_366_mean,1.1628219946843972e-06
tempogram_366_std,9.639159044405667e-07
tempogram_367_mean,8.752081844498705e-07
tempogram_367_std,7.576115695810394e-07
tempogram_368_mean,6.403956753733144e-07
tempogram_368_std,5.303706914035556e-07
tempogram_369_mean,4.6607159399813886e-07
tempogram_369_std,3.818777374642554e-07
tempogram_370_mean,3.3086379916248744e-07
tempogram_370_std,2.8370237270900385e-07
tempogram_371_mean,2.2894974040659845e-07
tempogram_371_std,2.0913124841582e-07
tempogram_372_mean,1.535382968069178e-07
tempogram_372_std,1.4644075141565186e-07
tempogram_373_mean,9.980215886676932e-08
tempogram_373_std,9.914478311568236e-08
tempogram_374_mean,6.210380514246035e-08
tempogram_374_std,6.462685743269176e-08
tempogram_375_mean,3.680288816260037e-08
tempogram_375_std,4.401817408568048e-08
tempogram_376_mean,2.041315317289422e-08
tempogram_376_std,2.5762265429106634e-08
tempogram_377_mean,1.0523910376880227e-08
tempogram_377_std,1.3316655194753075e-08
tempogram_378_mean,4.8855895350665045e-09
tempogram_378_std,6.906588275234283e-09
tempogram_379_mean,1.9388870052240964e-09
tempogram_379_std,2.7793815768764684e-09
tempogram_380_mean,6.305571797909609e-10
tempogram_380_std,9.812101774653481e-10
tempogram_381_mean,1.4745090735187046e-10
tempogram_381_std,2.335535973700576e-10
tempogram_382_mean,1.840860809632359e-11
tempogram_382_std,3.428709274740106e-11
tempogram_383_mean,-1.1752152697673577e-17
tempogram_383_std,8.178463797449035e-17
rms_harm_0_mean,0.015807539224624634
rms_harm_0_std,0.011225688271224499
rms_perc_0_mean,0.002546770730987191
rms_perc_0_std,0.0023046876303851604
harmonic_energy_mean,0.00037589436396956444
percussive_energy_mean,1.1797625120379962e-05
harm_perc_ratio,31.8615970565568
spec_entropy_0_mean,3.2018344402313232
spec_entropy_0_std,0.9707415699958801
spec_crest_0_mean,71.08731079101562
spec_crest_0_std,27.021535873413086
spec_slope_0_mean,-0.0010438862698083228
spec_slope_0_std,0.00033996714016389703
spec_decrease_0_mean,-0.002317645524553206
spec_decrease_0_std,0.13127150617814326
logmel_0_mean,-32.140872955322266
logmel_0_std,7.418224334716797
logmel_1_mean,-34.41668701171875
logmel_1_std,10.996865272521973
logmel_2_mean,-32.857696533203125
logmel_2_std,12.239394187927246
logmel_3_mean,-30.467422485351562
logmel_3_std,12.294106483459473
logmel_4_mean,-29.534542083740234
logmel_4_std,11.846573829650879
logmel_5_mean,-28.427431106567383
logmel_5_std,10.895925521850586
logmel_6_mean,-29.868873596191406
logmel_6_std,12.234025955200195
logmel_7_mean,-36.770328521728516
logmel_7_std,11.827105522155762
logmel_8_mean,-40.401634216308594
logmel_8_std,12.563701629638672
logmel_9_mean,-39.52212142944336
logmel_9_std,12.856980323791504
logmel_10_mean,-40.122676849365234
logmel_10_std,12.950297355651855
logmel_11_mean,-41.40467834472656
logmel_11_std,11.633374214172363
logmel_12_mean,-41.33757400512695
logmel_12_std,11.933822631835938
logmel_13_mean,-45.9205436706543
logmel_13_std,11.028072357177734
logmel_14_mean,-49.83696365356445
logmel_14_std,11.600139617919922
logmel_15_mean,-50.50926971435547
logmel_15_std,11.262468338012695
logmel_16_mean,-49.41652297973633
logmel_16_std,11.08117961883545
logmel_17_mean,-53.7702522277832
logmel_17_std,10.604019165039062
logmel_18_mean,-58.148075103759766
logmel_18_std,9.974198341369629
logmel_19_mean,-59.03364944458008
logmel_19_std,9.785832405090332
logmel_20_mean,-61.787445068359375
logmel_20_std,9.702383041381836
logmel_21_mean,-62.08096694946289
logmel_21_std,10.039714813232422
logmel_22_mean,-67.1656723022461
logmel_22_std,8.607951164245605
logmel_23_mean,-70.43464660644531
logmel_23_std,7.176055908203125
logmel_24_mean,-71.75501251220703
logmel_24_std,7.266392707824707
logmel_25_mean,-72.08326721191406
logmel_25_std,7.609287261962891
logmel_26_mean,-74.56832122802734
logmel_26_std,5.529347896575928
logmel_27_mean,-75.64968872070312
logmel_27_std,4.605006217956543
logmel_28_mean,-76.36195373535156
logmel_28_std,4.099180698394775
logmel_29_mean,-76.93494415283203
logmel_29_std,3.6651511192321777
logmel_30_mean,-77.42372131347656
logmel_30_std,3.323925495147705
logmel_31_mean,-78.15055084228516
logmel_31_std,2.0816118717193604
logmel_32_mean,-78.47911834716797
logmel_32_std,1.648482084274292
logmel_33_mean,-78.70977783203125
logmel_33_std,1.258390188217163
logmel_34_mean,-79.39247131347656
logmel_34_std,1.0700669288635254
logmel_35_mean,-79.61851501464844
logmel_35_std,0.8911795020103455
logmel_36_mean,-79.6529769897461
logmel_36_std,0.8189083337783813
logmel_37_mean,-79.99969482421875
logmel_37_std,0.018053242936730385
logmel_38_mean,-80.0
logmel_38_std,0.0
logmel_39_mean,-80.0
logmel_39_std,0.0
MSFM_0_mean,0.7035047546086556
MSFM_0_std,0.07928551197410716
MSCM_0_mean,9.847393738955859
MSCM_0_std,2.64646524721635
MMFCC_MSV_row_0_mean,1652.3585165870554
MMFCC_MSV_row_0_std,2410.029679040401
MMFCC_MSC_row_0_mean,499.4759707899835
MMFCC_MSC_row_0_std,451.5093357405008
MMFCC_MSV_row_1_mean,1182.1947379356877
MMFCC_MSV_row_1_std,1711.446986697713
MMFCC_MSC_row_1_mean,275.3601614747835
MMFCC_MSC_row_1_std,250.96786929756246
MMFCC_MSV_row_2_mean,1011.7644745977766
MMFCC_MSV_row_2_std,1447.5296569584195
MMFCC_MSC_row_2_mean,255.52213272167873
MMFCC_MSC_row_2_std,287.91789890420233
MMFCC_MSV_row_3_mean,568.4119359556664
MMFCC_MSV_row_3_std,694.7259386458168
MMFCC_MSC_row_3_mean,139.50153155125997
MMFCC_MSC_row_3_std,125.73288453336731
MMFCC_MSV_row_4_mean,391.1633059708316
MMFCC_MSV_row_4_std,406.237383489677
MMFCC_MSC_row_4_mean,134.92253769396677
MMFCC_MSC_row_4_std,127.31616518506323
MMFCC_MSV_row_5_mean,406.25250502948427
MMFCC_MSV_row_5_std,484.39421788886904
MMFCC_MSC_row_5_mean,110.81436197059311
MMFCC_MSC_row_5_std,87.58036068967019
MMFCC_MSV_row_6_mean,338.514656378062
MMFCC_MSV_row_6_std,335.60794821722385
MMFCC_MSC_row_6_mean,82.46782581199088
MMFCC_MSC_row_6_std,48.90271016646709
MMFCC_MSV_row_7_mean,294.86268285091023
MMFCC_MSV_row_7_std,242.1404143894271
MMFCC_MSC_row_7_mean,77.36042382683725
MMFCC_MSC_row_7_std,44.072753080553184
MMFCC_MSV_row_8_mean,333.004206764931
MMFCC_MSV_row_8_std,308.42533646823875
MMFCC_MSC_row_8_mean,117.08355466030034
MMFCC_MSC_row_8_std,71.1537897247916
MMFCC_MSV_row_9_mean,300.8448673913521
MMFCC_MSV_row_9_std,280.76779722144755
MMFCC_MSC_row_9_mean,140.5872829337994
MMFCC_MSC_row_9_std,115.1171952935983
MMFCC_MSV_row_10_mean,350.60131556193755
MMFCC_MSV_row_10_std,319.33088840243954
MMFCC_MSC_row_10_mean,104.16668801689812
MMFCC_MSC_row_10_std,79.39386228996206
MMFCC_MSV_row_11_mean,508.7717010019197
MMFCC_MSV_row_11_std,637.8952224397793
MMFCC_MSC_row_11_mean,92.4714249481024
MMFCC_MSC_row_11_std,84.63047688337718
MMFCC_MSV_row_12_mean,695.8160173674154
MMFCC_MSV_row_12_std,963.9158200821701
MMFCC_MSC_row_12_mean,153.44333975263524
MMFCC_MSC_row_12_std,169.91901259581394
MMFCC_MSV_col_0_mean,2489.4759471569373
MMFCC_MSV_col_0_std,2074.7217006848314
MMFCC_MSC_col_0_mean,0.0
MMFCC_MSC_col_0_std,0.0
MMFCC_MSV_col_1_mean,1103.4313957411325
MMFCC_MSV_col_1_std,606.7370196029326
MMFCC_MSC_col_1_mean,326.425883100576
MMFCC_MSC_col_1_std,370.6641024733369
MMFCC_MSV_col_2_mean,545.894176429232
MMFCC_MSV_col_2_std,228.10285035035565
MMFCC_MSC_col_2_mean,395.92753733425315
MMFCC_MSC_col_2_std,275.82938420755823
MMFCC_MSV_col_3_mean,322.27104201984366
MMFCC_MSV_col_3_std,123.7482517351587
MMFCC_MSC_col_3_mean,199.5817300860245
MMFCC_MSC_col_3_std,93.65375993666869
MMFCC_MSV_col_4_mean,228.3063111897979
MMFCC_MSV_col_4_std,116.38215824222132
MMFCC_MSC_col_4_mean,183.51776336660112
MMFCC_MSC_col_4_std,146.71807839829845
MMFCC_MSV_col_5_mean,126.2466757673945
MMFCC_MSV_col_5_std,63.93126306793716
MMFCC_MSC_col_5_mean,110.01856589879527
MMFCC_MSC_col_5_std,56.46197950917376
MMFCC_MSV_col_6_mean,76.34681857904438
MMFCC_MSV_col_6_std,31.713995638587026
MMFCC_MSC_col_6_mean,68.20092682763273
MMFCC_MSC_col_6_std,31.880248188149473
MMFCC_MSV_col_7_mean,52.3728167430979
MMFCC_MSV_col_7_std,4.053257056405939
MMFCC_MSC_col_7_mean,59.82127717247359
MMFCC_MSC_col_7_std,22.421493787814608
MOSC_MSV_row_0_mean,5.270459663483134
MOSC_MSV_row_0_std,2.631746959672632
MOSC_MSC_row_0_mean,8.74894794178928
MOSC_MSC_row_0_std,13.090427797849584
MOSC_MSV_row_1_mean,5.46578539268646
MOSC_MSV_row_1_std,4.252607644945221
MOSC_MSC_row_1_mean,1.5286342090298621
MOSC_MSC_row_1_std,0.9082022319994065
MOSC_MSV_row_2_mean,9.50128043351029
MOSC_MSV_row_2_std,7.682762253478855
MOSC_MSC_row_2_mean,2.8737651300648563
MOSC_MSC_row_2_std,2.529603500969295
MOSC_MSV_row_3_mean,15.26392232625224
MOSC_MSV_row_3_std,14.416803408437314
MOSC_MSC_row_3_mean,4.301689666625419
MOSC_MSC_row_3_std,3.0145479888136975
MOSC_MSV_row_4_mean,11.750151509304631
MOSC_MSV_row_4_std,9.8282676454927
MOSC_MSC_row_4_mean,3.3319466239583813
MOSC_MSC_row_4_std,3.6483167317170744
MOSC_MSV_row_5_mean,10.902850995748633
MOSC_MSV_row_5_std,10.377026103949138
MOSC_MSC_row_5_mean,2.7779336618615917
MOSC_MSC_row_5_std,2.892793673051718
MOSC_MSV_row_6_mean,8.96955258921945
MOSC_MSV_row_6_std,10.247673134535232
MOSC_MSC_row_6_mean,2.6099996876657228
MOSC_MSC_row_6_std,2.0565932694540416
MOSC_MSV_row_7_mean,3.345574246405285
MOSC_MSV_row_7_std,3.4083705830414686
MOSC_MSC_row_7_mean,0.858473037035901
MOSC_MSC_row_7_std,0.5234032330064166
MOSC_MSV_col_0_mean,26.053904016561695
MOSC_MSV_col_0_std,11.568118686524725
MOSC_MSC_col_0_mean,0.0
MOSC_MSC_col_0_std,0.0
MOSC_MSV_col_1_mean,16.103672591432932
MOSC_MSV_col_1_std,8.0098759455859
MOSC_MSC_col_1_mean,2.981158274041094
MOSC_MSC_col_1_std,2.5448223736260145
MOSC_MSV_col_2_mean,9.050328405927237
MOSC_MSV_col_2_std,4.877491921413033
MOSC_MSC_col_2_mean,6.3449062071483695
MOSC_MSC_col_2_std,3.9028184233463845
MOSC_MSV_col_3_mean,6.439736421202802
MOSC_MSV_col_3_std,3.0672217361890888
MOSC_MSC_col_3_mean,2.5080653505264032
MOSC_MSC_col_3_std,1.6550364933426795
MOSC_MSV_col_4_mean,4.622539814616429
MOSC_MSV_col_4_std,1.778566014831914
MOSC_MSC_col_4_mean,2.8608935581810417
MOSC_MSC_col_4_std,1.6264354309580493
MOSC_MSV_col_5_mean,3.3063255152188002
MOSC_MSV_col_5_std,1.0000986214064596
MOSC_MSC_col_5_mean,2.172530745870205
MOSC_MSC_col_5_std,1.2380947242454752
MOSC_MSV_col_6_mean,2.6071409621296566
MOSC_MSV_col_6_std,0.7702580230794247
MOSC_MSC_col_6_mean,6.087585773632959
MOSC_MSC_col_6_std,12.53386974832637
MOSC_MSV_col_7_mean,2.285929429520575
MOSC_MSV_col_7_std,0.7197883941531696
MOSC_MSC_col_7_mean,4.076250048630943
MOSC_MSC_col_7_std,6.174648523655424
